{"aws": ["msa", "devops", "redis"], "api": ["nodejs", "backend", "sql"], "java": ["jpa", "sql", "msa"], "spring": ["java", "jpa", "rdbms"], "restful": ["api", "java", "rdbms"], "reactjs": ["vuejs", "es", "javascript"], "javascript": ["reactjs", "spa", "html"], "typescript": ["redux", "ssr", "webpack"], "css": ["spa", "javascript", "vuejs"], "html": ["vuejs", "reactjs", "spa"], "ios": ["android", "swift", "app"], "android": ["ios", "app", "swift"], "kotlin": ["application", "design", "windows"], "ui": ["ux", "react native", "redux"], "swift": ["ios", "mvvm", "android"], "python": ["sql", "linux", "elasticsearch"], "sql": ["python", "linux", "kafka"], "ai": ["ml", "pytorch", "tensorflow"], "ml": ["ai", "pytorch", "learning"], "kubernetes": ["docker", "aws", "terraform"], "devops": ["cloud", "docker", "aws"], "cloud": ["kafka", "devops", "linux"], "isms": ["p", "s", "linux"], "linux": ["python", "kafka", "sql"], "learning": ["etl", "machine", "google"], "tensorflow": ["etl", "ml", "learning"], "qa": ["istqb", "csts", "tc"], "web": ["mobile", "app", "application"], "istqb": ["sw", "agile", "slack"], "jira": ["slack", "notion", "agile"], "csts": ["sw", "istqb", "agile"], "p": ["isms", "s", "sap"], "iso": ["management", "isms", "p"], "b": ["g", "c", "saas"], "po": ["tool", "firebase", "management"], "ux": ["ui", "reactjs", "html"], "nft": ["tool", "design", "network"], "dapp": ["design", "programming", "management"], "ethereum": ["tool", "management", "programming"], "iot": ["source", "agile", "rd"], "c": ["unreal engine", "c++", "nft"], "application": ["design", "tool", "https"], "mcu": ["s", "design", "programming"], "hw": ["management", "multi", "server"], ".net": ["design", "programming", "jenkins"], "asp": ["tool", "computer", "nlp"], "d": ["unity", "r", "unreal engine"], "amazon": ["kafka", "google", "jenkins"], "design": ["tool", "https", "management"], "w": ["design", "management", "https"], "unity": ["d", "c", "sdk"], "c++": ["windows", "network", "c"], "unreal engine": ["r", "c", "https"], "ms": ["https", "design", "management"], "office": ["design", "https", "multi"], "e": ["tool", "https", "software"]}